{
  "Author": "Speakingevil",
  "Compatibility": "Compatible",
  "DefuserDifficulty": "Medium",
  "Description": "Find all black cells in a grid of numbers denoting the number of adjacent cells that are the same colour.",
  "ExpertDifficulty": "Trivial",
  "ModuleID": "monosweeper",
  "Name": "Monosweeper",
  "Origin": "Mods",
  "Published": "2023-10-19",
  "SortKey": "MONOSWEEPER",
  "SourceUrl": "https://github.com/Speakingevil/monosweeper",
  "SteamID": "3054999775",
  "Symbol": "Mos",
  "Type": "Regular"
}